,Hist_Annual_Return,Hist_Annual_Vol,Hist_VaR_95,MC_Annual_Return,MC_Annual_Vol,MC_VaR_95
Equal,0.07771183145832938,0.10593189854570373,-0.06981092154495652,0.08547114379648062,0.11601004014715137,-0.09507892040031843
Aggressive,0.06027149718668645,0.10861552459865621,-0.09441283679982336,0.06743650198514481,0.11632087753564808,-0.11084836330013628
Defensive,0.12094521140577896,0.11727764901029848,-0.06623271292321442,0.1279896570224291,0.13402174335621742,-0.07756693518710125
Tech_Heavy,0.061360499496640575,0.13257254513796854,-0.1724352945190467,0.07185276051651408,0.1418802341859791,-0.14562517779886502
