,MonteCarlo_Mean,MonteCarlo_Volatility,MonteCarlo_VaR_95
Equal,0.07547751770471024,0.10503437316915544,-0.09990440966629029
Aggressive,0.05948659973604199,0.10827737218041651,-0.11889290100228499
Defensive,0.11480038496217458,0.11665857373713712,-0.07962280399954393
Tech_Heavy,0.06193281120689304,0.13232989482103735,-0.15074021956941214
